<?xml version="1.0" encoding="UTF-8"?>
<TrustServiceStatusList xmlns="http://uri.etsi.org/02231/v2#" xmlns:ns2="http://www.w3.org/2000/09/xmldsig#" xmlns:ns3="http://uri.etsi.org/02231/v2/additionaltypes#" xmlns:ns4="http://uri.etsi.org/01903/v1.3.2#" xmlns:ns5="http://uri.etsi.org/TrstSvc/SvcInfoExt/eSigDir-1999-93-EC-TrustedList/#" xmlns:ns6="http://uri.etsi.org/01903/v1.4.1#" Id="ID_5" TSLTag="http://uri.etsi.org/19612/TSLTag">
    <SchemeInformation>
        <TSLVersionIdentifier>5</TSLVersionIdentifier>
        <TSLSequenceNumber>15</TSLSequenceNumber>
        <TSLType>http://uri.etsi.org/TrstSvc/TrustedList/TSLType/EUgeneric</TSLType>
        <SchemeOperatorName>
            <Name xml:lang="en">SAFE BioPharma</Name>
        </SchemeOperatorName>
        <SchemeOperatorAddress>
			<PostalAddresses>
					<PostalAddress xml:lang="en">
							<StreetAddress>82 N. Summit Street, Suite 2</StreetAddress>
							<Locality>Tenafly</Locality>
							<StateOrProvince>New Jersey</StateOrProvince>
							<PostalCode>07670</PostalCode>
							<CountryName>US</CountryName>
					</PostalAddress>
			</PostalAddresses>
			<ElectronicAddress>
					<URI>mailto:office@mcsi.ro</URI>
					<URI>http://www.mcsi.ro</URI>
			</ElectronicAddress>
        </SchemeOperatorAddress>
        <SchemeName>
            <Name xml:lang="en">Trusted list</Name>
        </SchemeName>
        <StatusDeterminationApproach>http://uri.etsi.org/TrstSvc/TrustedList/StatusDetn/EUappropriate</StatusDeterminationApproach>
        <SchemeTypeCommunityRules>
            <URI>http://uri.etsi.org/TrstSvc/TrustedList/schemerules/EUcommon</URI>
        </SchemeTypeCommunityRules>
        <SchemeTerritory>US</SchemeTerritory>
        <PolicyOrLegalNotice>
            <TSLLegalNotice xml:lang="en">Test Trust List of Lists</TSLLegalNotice>            
        </PolicyOrLegalNotice>
        <HistoricalInformationPeriod>65535</HistoricalInformationPeriod>
        <ListIssueDateTime>2017-01-30T01:00:00Z</ListIssueDateTime>
        <NextUpdate>
            <dateTime>2017-07-30T00:00:00Z</dateTime>
        </NextUpdate>
    </SchemeInformation>
</TrustServiceStatusList>
